date,0
2019-01-03,risk-on
2019-01-04,risk-on
2019-01-07,risk-on
2019-01-08,risk-on
2019-01-09,risk-on
2019-01-10,risk-on
2019-01-11,risk-on
2019-01-14,risk-on
2019-01-15,risk-on
2019-01-16,risk-on
2019-01-17,risk-on
2019-01-18,risk-on
2019-01-21,risk-on
2019-01-22,risk-on
2019-01-23,risk-on
2019-01-24,risk-on
2019-01-25,risk-on
2019-01-28,risk-on
2019-01-29,risk-on
2019-01-30,risk-on
2019-01-31,risk-on
2019-02-01,risk-on
2019-02-04,risk-on
2019-02-05,risk-on
2019-02-06,risk-on
2019-02-07,risk-on
2019-02-08,risk-on
2019-02-11,risk-on
2019-02-12,risk-on
2019-02-13,risk-on
2019-02-14,risk-on
2019-02-15,risk-on
2019-02-18,risk-on
2019-02-19,risk-on
2019-02-20,risk-on
2019-02-21,risk-on
2019-02-22,risk-on
2019-02-25,risk-on
2019-02-26,risk-on
2019-02-27,risk-on
2019-02-28,risk-on
2019-03-01,risk-on
2019-03-04,risk-on
2019-03-05,risk-on
2019-03-06,risk-on
2019-03-07,risk-on
2019-03-08,risk-on
2019-03-11,risk-on
2019-03-12,risk-on
2019-03-13,risk-on
2019-03-14,risk-on
2019-03-15,risk-on
2019-03-18,risk-on
2019-03-19,risk-on
2019-03-20,risk-on
2019-03-21,risk-on
2019-03-22,risk-on
2019-03-25,risk-on
2019-03-26,risk-on
2019-03-27,risk-on
2019-03-28,risk-on
2019-03-29,risk-on
2019-04-01,risk-on
2019-04-02,risk-on
2019-04-03,risk-on
2019-04-04,risk-on
2019-04-05,risk-on
2019-04-08,risk-on
2019-04-09,risk-on
2019-04-10,risk-on
2019-04-11,risk-on
2019-04-12,risk-on
2019-04-15,risk-on
2019-04-16,risk-on
2019-04-17,risk-on
2019-04-18,risk-on
2019-04-19,risk-on
2019-04-22,risk-on
2019-04-23,risk-on
2019-04-24,risk-on
2019-04-25,risk-on
2019-04-26,risk-on
2019-04-29,risk-on
2019-04-30,risk-on
2019-05-01,risk-on
2019-05-02,risk-on
2019-05-03,risk-on
2019-05-06,risk-on
2019-05-07,risk-on
2019-05-08,risk-on
2019-05-09,risk-on
2019-05-10,risk-on
2019-05-13,risk-on
2019-05-14,risk-on
2019-05-15,risk-on
2019-05-16,risk-on
2019-05-17,risk-on
2019-05-20,risk-on
2019-05-21,risk-on
2019-05-22,risk-on
2019-05-23,risk-on
2019-05-24,risk-on
2019-05-27,risk-on
2019-05-28,risk-on
2019-05-29,risk-on
2019-05-30,risk-on
2019-05-31,risk-on
2019-06-03,risk-on
2019-06-04,risk-on
2019-06-05,risk-on
2019-06-06,risk-on
2019-06-07,risk-on
2019-06-10,risk-on
2019-06-11,risk-on
2019-06-12,risk-on
2019-06-13,risk-on
2019-06-14,risk-on
2019-06-17,risk-on
2019-06-18,risk-on
2019-06-19,risk-on
2019-06-20,risk-on
2019-06-21,risk-on
2019-06-24,risk-on
2019-06-25,risk-on
2019-06-26,risk-on
2019-06-27,risk-on
2019-06-28,risk-on
2019-07-01,risk-on
2019-07-02,risk-on
2019-07-03,risk-on
2019-07-04,risk-on
2019-07-05,risk-on
2019-07-08,risk-on
2019-07-09,risk-on
2019-07-10,risk-on
2019-07-11,risk-on
2019-07-12,risk-on
2019-07-15,risk-on
2019-07-16,risk-on
2019-07-17,risk-on
2019-07-18,risk-on
2019-07-19,risk-on
2019-07-22,risk-on
2019-07-23,risk-on
2019-07-24,risk-on
2019-07-25,risk-on
2019-07-26,risk-on
2019-07-29,risk-on
2019-07-30,risk-on
2019-07-31,risk-on
2019-08-01,risk-on
2019-08-02,risk-on
2019-08-05,risk-on
2019-08-06,risk-on
2019-08-07,risk-on
2019-08-08,risk-on
2019-08-09,risk-on
2019-08-12,risk-on
2019-08-13,risk-on
2019-08-14,risk-on
2019-08-15,risk-on
2019-08-16,risk-on
2019-08-19,risk-on
2019-08-20,risk-on
2019-08-21,risk-on
2019-08-22,risk-on
2019-08-23,risk-on
2019-08-26,risk-on
2019-08-27,risk-on
2019-08-28,risk-on
2019-08-29,risk-on
2019-08-30,risk-on
2019-09-02,risk-on
2019-09-03,risk-on
2019-09-04,risk-on
2019-09-05,risk-on
2019-09-06,risk-on
2019-09-09,risk-on
2019-09-10,risk-on
2019-09-11,risk-on
2019-09-12,risk-on
2019-09-13,risk-on
2019-09-16,risk-on
2019-09-17,risk-on
2019-09-18,risk-on
2019-09-19,risk-on
2019-09-20,risk-on
2019-09-23,risk-on
2019-09-24,risk-on
2019-09-25,risk-on
2019-09-26,risk-on
2019-09-27,risk-on
2019-09-30,risk-on
2019-10-01,risk-on
2019-10-02,risk-on
2019-10-03,risk-on
2019-10-04,risk-on
2019-10-07,risk-on
2019-10-08,risk-on
2019-10-09,risk-on
2019-10-10,risk-on
2019-10-11,risk-on
2019-10-14,risk-on
2019-10-15,risk-on
2019-10-16,risk-on
2019-10-17,risk-on
2019-10-18,risk-on
2019-10-21,risk-on
2019-10-22,risk-on
2019-10-23,risk-on
2019-10-24,risk-on
2019-10-25,risk-on
2019-10-28,risk-on
2019-10-29,risk-on
2019-10-30,risk-on
2019-10-31,risk-on
2019-11-01,risk-on
2019-11-04,risk-on
2019-11-05,risk-on
2019-11-06,risk-on
2019-11-07,risk-on
2019-11-08,risk-on
2019-11-11,risk-on
2019-11-12,risk-on
2019-11-13,risk-on
2019-11-14,risk-on
2019-11-15,risk-on
2019-11-18,risk-on
2019-11-19,risk-on
2019-11-20,risk-on
2019-11-21,risk-on
2019-11-22,risk-on
2019-11-25,risk-on
2019-11-26,risk-on
2019-11-27,risk-on
2019-11-28,risk-on
2019-11-29,risk-on
2019-12-02,risk-on
2019-12-03,risk-on
2019-12-04,risk-on
2019-12-05,risk-on
2019-12-06,risk-on
2019-12-09,risk-on
2019-12-10,risk-on
2019-12-11,risk-on
2019-12-12,risk-on
2019-12-13,risk-on
2019-12-16,risk-on
2019-12-17,risk-on
2019-12-18,risk-on
2019-12-19,risk-on
2019-12-20,risk-on
2019-12-23,risk-on
2019-12-24,risk-on
2019-12-25,risk-on
2019-12-26,risk-on
2019-12-27,risk-on
2019-12-30,risk-on
2019-12-31,risk-on
2020-01-01,risk-on
2020-01-02,risk-on
2020-01-03,risk-on
2020-01-06,risk-on
2020-01-07,risk-on
2020-01-08,risk-on
2020-01-09,risk-on
2020-01-10,risk-on
2020-01-13,risk-on
2020-01-14,risk-on
2020-01-15,risk-on
2020-01-16,risk-on
2020-01-17,risk-on
2020-01-20,risk-on
2020-01-21,risk-on
2020-01-22,risk-on
2020-01-23,risk-on
2020-01-24,risk-on
2020-01-27,risk-on
2020-01-28,risk-on
2020-01-29,risk-on
2020-01-30,risk-on
2020-01-31,risk-on
2020-02-03,risk-on
2020-02-04,risk-on
2020-02-05,risk-on
2020-02-06,risk-on
2020-02-07,risk-on
2020-02-10,risk-on
2020-02-11,risk-on
2020-02-12,risk-on
2020-02-13,risk-on
2020-02-14,risk-on
2020-02-17,risk-on
2020-02-18,risk-on
2020-02-19,risk-on
2020-02-20,risk-on
2020-02-21,risk-on
2020-02-24,risk-on
2020-02-25,risk-on
2020-02-26,risk-on
2020-02-27,risk-on
2020-02-28,risk-on
2020-03-02,risk-on
2020-03-03,risk-on
2020-03-04,risk-on
2020-03-05,risk-on
2020-03-06,risk-on
2020-03-09,risk-on
2020-03-10,risk-on
2020-03-11,risk-on
2020-03-12,risk-on
2020-03-13,risk-on
2020-03-16,risk-on
2020-03-17,risk-on
2020-03-18,risk-on
2020-03-19,risk-on
2020-03-20,risk-on
2020-03-23,risk-on
2020-03-24,risk-on
2020-03-25,risk-on
2020-03-26,risk-on
2020-03-27,risk-on
2020-03-30,risk-on
2020-03-31,risk-on
2020-04-01,risk-on
2020-04-02,risk-on
2020-04-03,risk-on
2020-04-06,risk-on
2020-04-07,risk-on
2020-04-08,risk-on
2020-04-09,risk-on
2020-04-10,risk-on
2020-04-13,risk-on
2020-04-14,risk-on
2020-04-15,risk-on
2020-04-16,risk-on
2020-04-17,risk-on
2020-04-20,risk-on
2020-04-21,risk-on
2020-04-22,risk-on
2020-04-23,risk-on
2020-04-24,risk-on
2020-04-27,risk-on
2020-04-28,risk-on
2020-04-29,risk-on
2020-04-30,risk-on
2020-05-01,risk-on
2020-05-04,risk-on
2020-05-05,risk-on
2020-05-06,risk-on
2020-05-07,risk-on
2020-05-08,risk-on
2020-05-11,risk-on
2020-05-12,risk-on
2020-05-13,risk-on
2020-05-14,risk-on
2020-05-15,risk-on
2020-05-18,risk-on
2020-05-19,risk-on
2020-05-20,risk-on
2020-05-21,risk-on
2020-05-22,risk-on
2020-05-25,risk-on
2020-05-26,risk-on
2020-05-27,risk-on
2020-05-28,risk-on
2020-05-29,risk-on
2020-06-01,risk-on
2020-06-02,risk-on
2020-06-03,risk-on
2020-06-04,risk-on
2020-06-05,risk-on
2020-06-08,risk-on
2020-06-09,risk-on
2020-06-10,risk-on
2020-06-11,risk-on
2020-06-12,risk-on
2020-06-15,risk-on
2020-06-16,risk-on
2020-06-17,risk-on
2020-06-18,risk-on
2020-06-19,risk-on
2020-06-22,risk-on
2020-06-23,risk-on
2020-06-24,risk-on
2020-06-25,risk-on
2020-06-26,risk-on
2020-06-29,risk-on
2020-06-30,risk-on
2020-07-01,risk-on
2020-07-02,risk-on
2020-07-03,risk-on
2020-07-06,risk-on
2020-07-07,risk-on
2020-07-08,risk-on
2020-07-09,risk-on
2020-07-10,risk-on
2020-07-13,risk-on
2020-07-14,risk-on
2020-07-15,risk-on
2020-07-16,risk-on
2020-07-17,risk-on
2020-07-20,risk-on
2020-07-21,risk-on
2020-07-22,risk-on
2020-07-23,risk-on
2020-07-24,risk-on
2020-07-27,risk-on
2020-07-28,risk-on
2020-07-29,risk-on
2020-07-30,risk-on
2020-07-31,risk-on
2020-08-03,risk-on
2020-08-04,risk-on
2020-08-05,risk-on
2020-08-06,risk-on
2020-08-07,risk-on
2020-08-10,risk-on
2020-08-11,risk-on
2020-08-12,risk-on
2020-08-13,risk-on
2020-08-14,risk-on
2020-08-17,risk-on
2020-08-18,risk-on
2020-08-19,risk-on
2020-08-20,risk-on
2020-08-21,risk-on
2020-08-24,risk-on
2020-08-25,risk-on
2020-08-26,risk-on
2020-08-27,risk-on
2020-08-28,risk-on
2020-08-31,risk-on
2020-09-01,risk-on
2020-09-02,risk-on
2020-09-03,risk-on
2020-09-04,risk-on
2020-09-07,risk-on
2020-09-08,risk-on
2020-09-09,risk-on
2020-09-10,risk-on
2020-09-11,risk-on
2020-09-14,risk-on
2020-09-15,risk-on
2020-09-16,risk-on
2020-09-17,risk-on
2020-09-18,risk-on
2020-09-21,risk-on
2020-09-22,risk-on
2020-09-23,risk-on
2020-09-24,risk-on
2020-09-25,risk-on
2020-09-28,risk-on
2020-09-29,risk-on
2020-09-30,risk-on
2020-10-01,risk-on
2020-10-02,risk-on
2020-10-05,risk-on
2020-10-06,risk-on
2020-10-07,risk-on
2020-10-08,risk-on
2020-10-09,risk-on
2020-10-12,risk-on
2020-10-13,risk-on
2020-10-14,risk-on
2020-10-15,risk-on
2020-10-16,risk-on
2020-10-19,risk-on
2020-10-20,risk-on
2020-10-21,risk-on
2020-10-22,risk-on
2020-10-23,risk-on
2020-10-26,risk-on
2020-10-27,risk-on
2020-10-28,risk-on
2020-10-29,risk-on
2020-10-30,risk-on
2020-11-02,risk-on
2020-11-03,risk-on
2020-11-04,risk-on
2020-11-05,risk-on
2020-11-06,risk-on
2020-11-09,risk-on
2020-11-10,risk-on
2020-11-11,risk-on
2020-11-12,risk-on
2020-11-13,risk-on
2020-11-16,risk-on
2020-11-17,risk-on
2020-11-18,risk-on
2020-11-19,risk-on
2020-11-20,risk-on
2020-11-23,risk-on
2020-11-24,risk-on
2020-11-25,risk-on
2020-11-26,risk-on
2020-11-27,risk-on
2020-11-30,risk-on
2020-12-01,risk-on
2020-12-02,risk-on
2020-12-03,risk-on
2020-12-04,risk-on
2020-12-07,risk-on
2020-12-08,risk-on
2020-12-09,risk-on
2020-12-10,risk-on
2020-12-11,risk-on
2020-12-14,risk-on
2020-12-15,risk-on
2020-12-16,risk-on
2020-12-17,risk-on
2020-12-18,risk-on
2020-12-21,risk-on
2020-12-22,risk-on
2020-12-23,risk-on
2020-12-24,risk-on
2020-12-25,risk-on
2020-12-28,risk-on
2020-12-29,risk-on
2020-12-30,risk-on
2020-12-31,risk-on
2021-01-01,risk-on
2021-01-04,risk-on
2021-01-05,risk-on
2021-01-06,risk-on
2021-01-07,risk-on
2021-01-08,risk-on
2021-01-11,risk-on
2021-01-12,risk-on
2021-01-13,risk-on
2021-01-14,risk-on
2021-01-15,risk-on
2021-01-18,risk-on
2021-01-19,risk-on
2021-01-20,risk-on
2021-01-21,risk-on
2021-01-22,risk-on
2021-01-25,risk-on
2021-01-26,risk-on
2021-01-27,risk-on
2021-01-28,risk-on
2021-01-29,risk-on
2021-02-01,risk-on
2021-02-02,risk-on
2021-02-03,risk-on
2021-02-04,risk-on
2021-02-05,risk-on
2021-02-08,risk-on
2021-02-09,risk-on
2021-02-10,risk-on
2021-02-11,risk-on
2021-02-12,risk-on
2021-02-15,risk-on
2021-02-16,risk-on
2021-02-17,risk-on
2021-02-18,risk-on
2021-02-19,risk-on
2021-02-22,risk-on
2021-02-23,risk-on
2021-02-24,risk-on
2021-02-25,risk-on
2021-02-26,risk-on
2021-03-01,risk-on
2021-03-02,risk-on
2021-03-03,risk-on
2021-03-04,risk-on
2021-03-05,risk-on
2021-03-08,risk-on
2021-03-09,risk-on
2021-03-10,risk-on
2021-03-11,risk-on
2021-03-12,risk-on
2021-03-15,risk-on
2021-03-16,risk-on
2021-03-17,risk-on
2021-03-18,risk-on
2021-03-19,risk-on
2021-03-22,risk-on
2021-03-23,risk-on
2021-03-24,risk-on
2021-03-25,risk-on
2021-03-26,risk-on
2021-03-29,risk-on
2021-03-30,risk-on
2021-03-31,risk-on
2021-04-01,risk-on
2021-04-02,risk-on
2021-04-05,risk-on
2021-04-06,risk-on
2021-04-07,risk-on
2021-04-08,risk-on
2021-04-09,risk-on
2021-04-12,risk-on
2021-04-13,risk-on
2021-04-14,risk-on
2021-04-15,risk-on
2021-04-16,risk-on
2021-04-19,risk-on
2021-04-20,risk-on
2021-04-21,risk-on
2021-04-22,risk-on
2021-04-23,risk-on
2021-04-26,risk-on
2021-04-27,risk-on
2021-04-28,risk-on
2021-04-29,risk-on
2021-04-30,risk-on
2021-05-03,risk-on
2021-05-04,risk-on
2021-05-05,risk-on
2021-05-06,risk-on
2021-05-07,risk-on
2021-05-10,risk-on
2021-05-11,risk-on
2021-05-12,risk-on
2021-05-13,risk-on
2021-05-14,risk-on
2021-05-17,risk-on
2021-05-18,risk-on
2021-05-19,risk-on
2021-05-20,risk-on
2021-05-21,risk-on
2021-05-24,risk-on
2021-05-25,risk-on
2021-05-26,risk-on
2021-05-27,risk-on
2021-05-28,risk-on
2021-05-31,risk-on
2021-06-01,risk-on
2021-06-02,risk-on
2021-06-03,risk-on
2021-06-04,risk-on
2021-06-07,risk-on
2021-06-08,risk-on
2021-06-09,risk-on
2021-06-10,risk-on
2021-06-11,risk-on
2021-06-14,risk-on
2021-06-15,risk-on
2021-06-16,risk-on
2021-06-17,risk-on
2021-06-18,risk-on
2021-06-21,risk-on
2021-06-22,risk-on
2021-06-23,risk-on
2021-06-24,risk-on
2021-06-25,risk-on
2021-06-28,risk-on
2021-06-29,risk-on
2021-06-30,risk-on
2021-07-01,risk-on
2021-07-02,risk-on
2021-07-05,risk-on
2021-07-06,risk-on
2021-07-07,risk-on
2021-07-08,risk-on
2021-07-09,risk-on
2021-07-12,risk-on
2021-07-13,risk-on
2021-07-14,risk-on
2021-07-15,risk-on
2021-07-16,risk-on
2021-07-19,risk-on
2021-07-20,risk-on
2021-07-21,risk-on
2021-07-22,risk-on
2021-07-23,risk-on
2021-07-26,risk-on
2021-07-27,risk-on
2021-07-28,risk-on
2021-07-29,risk-on
2021-07-30,risk-on
2021-08-02,risk-on
2021-08-03,risk-on
2021-08-04,risk-on
2021-08-05,risk-on
2021-08-06,risk-on
2021-08-09,risk-on
2021-08-10,risk-on
2021-08-11,risk-on
2021-08-12,risk-on
2021-08-13,risk-on
2021-08-16,risk-on
2021-08-17,risk-on
2021-08-18,risk-on
2021-08-19,risk-on
2021-08-20,risk-on
2021-08-23,risk-on
2021-08-24,risk-on
2021-08-25,risk-on
2021-08-26,risk-on
2021-08-27,risk-on
2021-08-30,risk-on
2021-08-31,risk-on
2021-09-01,risk-on
2021-09-02,risk-on
2021-09-03,risk-on
2021-09-06,risk-on
2021-09-07,risk-on
2021-09-08,risk-on
2021-09-09,risk-on
2021-09-10,risk-on
2021-09-13,risk-on
2021-09-14,risk-on
2021-09-15,risk-on
2021-09-16,risk-on
2021-09-17,risk-on
2021-09-20,risk-on
2021-09-21,risk-on
2021-09-22,risk-on
2021-09-23,risk-on
2021-09-24,risk-on
2021-09-27,risk-on
2021-09-28,risk-on
2021-09-29,risk-on
2021-09-30,risk-on
2021-10-01,risk-on
2021-10-04,risk-on
2021-10-05,risk-on
2021-10-06,risk-on
2021-10-07,risk-on
2021-10-08,risk-on
2021-10-11,risk-on
2021-10-12,risk-on
2021-10-13,risk-on
2021-10-14,risk-on
2021-10-15,risk-on
2021-10-18,risk-on
2021-10-19,risk-on
2021-10-20,risk-on
2021-10-21,risk-on
2021-10-22,risk-on
2021-10-25,risk-on
2021-10-26,risk-on
2021-10-27,risk-on
2021-10-28,risk-on
2021-10-29,risk-on
2021-11-01,risk-on
2021-11-02,risk-on
2021-11-03,risk-on
2021-11-04,risk-on
2021-11-05,risk-on
2021-11-08,risk-on
2021-11-09,risk-on
2021-11-10,risk-on
2021-11-11,risk-on
2021-11-12,risk-on
2021-11-15,risk-on
2021-11-16,risk-on
2021-11-17,risk-on
2021-11-18,risk-on
2021-11-19,risk-on
2021-11-22,risk-on
2021-11-23,risk-on
2021-11-24,risk-on
2021-11-25,risk-on
2021-11-26,risk-on
2021-11-29,risk-on
2021-11-30,risk-on
2021-12-01,risk-on
2021-12-02,risk-on
2021-12-03,risk-on
2021-12-06,risk-on
2021-12-07,risk-on
2021-12-08,risk-on
2021-12-09,risk-on
2021-12-10,risk-on
2021-12-13,risk-on
2021-12-14,risk-on
2021-12-15,risk-on
2021-12-16,risk-on
2021-12-17,risk-on
2021-12-20,risk-on
2021-12-21,risk-on
2021-12-22,risk-on
2021-12-23,risk-on
2021-12-24,risk-on
2021-12-27,risk-on
2021-12-28,risk-on
2021-12-29,risk-on
2021-12-30,risk-on
2021-12-31,risk-on
2022-01-03,risk-on
2022-01-04,risk-on
2022-01-05,risk-on
2022-01-06,risk-on
2022-01-07,risk-on
2022-01-10,risk-on
2022-01-11,risk-on
2022-01-12,risk-on
2022-01-13,risk-on
2022-01-14,risk-on
2022-01-17,risk-on
2022-01-18,risk-on
2022-01-19,risk-on
2022-01-20,risk-on
2022-01-21,risk-on
2022-01-24,risk-on
2022-01-25,risk-on
2022-01-26,risk-on
2022-01-27,risk-on
2022-01-28,risk-on
2022-01-31,risk-on
2022-02-01,risk-on
2022-02-02,risk-on
2022-02-03,risk-on
2022-02-04,risk-on
2022-02-07,risk-on
2022-02-08,risk-on
2022-02-09,risk-on
2022-02-10,risk-on
2022-02-11,risk-on
2022-02-14,risk-on
2022-02-15,risk-on
2022-02-16,risk-on
2022-02-17,risk-on
2022-02-18,risk-on
2022-02-21,risk-on
2022-02-22,risk-on
2022-02-23,risk-on
2022-02-24,risk-on
2022-02-25,risk-on
2022-02-28,risk-on
2022-03-01,risk-on
2022-03-02,risk-on
2022-03-03,risk-on
2022-03-04,risk-on
2022-03-07,risk-on
2022-03-08,risk-on
2022-03-09,risk-on
2022-03-10,risk-on
2022-03-11,risk-on
2022-03-14,risk-on
2022-03-15,risk-on
2022-03-16,risk-on
2022-03-17,risk-on
2022-03-18,risk-on
2022-03-21,risk-on
2022-03-22,risk-on
2022-03-23,risk-on
2022-03-24,risk-on
2022-03-25,risk-on
2022-03-28,risk-on
2022-03-29,risk-on
2022-03-30,risk-on
2022-03-31,risk-on
2022-04-01,risk-on
2022-04-04,risk-on
2022-04-05,risk-on
2022-04-06,risk-on
2022-04-07,risk-on
2022-04-08,risk-on
2022-04-11,risk-on
2022-04-12,risk-on
2022-04-13,risk-on
2022-04-14,risk-on
2022-04-15,risk-on
2022-04-18,risk-on
2022-04-19,risk-on
2022-04-20,risk-on
2022-04-21,risk-on
2022-04-22,risk-on
2022-04-25,risk-on
2022-04-26,risk-on
2022-04-27,risk-on
2022-04-28,risk-on
2022-04-29,risk-on
2022-05-02,risk-on
2022-05-03,risk-on
2022-05-04,risk-on
2022-05-05,risk-on
2022-05-06,risk-on
2022-05-09,risk-on
2022-05-10,risk-on
2022-05-11,risk-on
2022-05-12,risk-on
2022-05-13,risk-on
2022-05-16,risk-on
2022-05-17,risk-on
2022-05-18,risk-on
2022-05-19,risk-on
2022-05-20,risk-on
2022-05-23,risk-on
2022-05-24,risk-on
2022-05-25,risk-on
2022-05-26,risk-on
2022-05-27,risk-on
2022-05-30,risk-on
2022-05-31,risk-on
2022-06-01,risk-on
2022-06-02,risk-on
2022-06-03,risk-on
2022-06-06,risk-on
2022-06-07,risk-on
2022-06-08,risk-on
2022-06-09,risk-on
2022-06-10,risk-on
2022-06-13,risk-on
2022-06-14,risk-on
2022-06-15,risk-on
2022-06-16,risk-on
2022-06-17,risk-on
2022-06-20,risk-on
2022-06-21,risk-on
2022-06-22,risk-on
2022-06-23,risk-on
2022-06-24,risk-on
2022-06-27,risk-on
2022-06-28,risk-on
2022-06-29,risk-on
2022-06-30,risk-on
2022-07-01,risk-on
2022-07-04,risk-on
2022-07-05,risk-on
2022-07-06,risk-on
2022-07-07,risk-on
2022-07-08,risk-on
2022-07-11,risk-on
2022-07-12,risk-on
2022-07-13,risk-on
2022-07-14,risk-on
2022-07-15,risk-on
2022-07-18,risk-on
2022-07-19,risk-on
2022-07-20,risk-on
2022-07-21,risk-on
2022-07-22,risk-on
2022-07-25,risk-on
2022-07-26,risk-on
2022-07-27,risk-on
2022-07-28,risk-on
2022-07-29,risk-on
2022-08-01,risk-on
2022-08-02,risk-on
2022-08-03,risk-on
2022-08-04,risk-on
2022-08-05,risk-on
2022-08-08,risk-on
2022-08-09,risk-on
2022-08-10,risk-on
2022-08-11,risk-on
2022-08-12,risk-on
2022-08-15,risk-on
2022-08-16,risk-on
2022-08-17,risk-on
2022-08-18,risk-on
2022-08-19,risk-on
2022-08-22,risk-on
2022-08-23,risk-on
2022-08-24,risk-on
2022-08-25,risk-on
2022-08-26,risk-on
2022-08-29,risk-on
2022-08-30,risk-on
2022-08-31,risk-on
2022-09-01,risk-on
2022-09-02,risk-on
2022-09-05,risk-on
2022-09-06,risk-on
2022-09-07,risk-on
2022-09-08,risk-on
2022-09-09,risk-on
2022-09-12,risk-on
2022-09-13,risk-on
2022-09-14,risk-on
2022-09-15,risk-on
2022-09-16,risk-on
2022-09-19,risk-on
2022-09-20,risk-on
2022-09-21,risk-on
2022-09-22,risk-on
2022-09-23,risk-on
2022-09-26,risk-on
2022-09-27,risk-on
2022-09-28,risk-on
2022-09-29,risk-on
2022-09-30,risk-on
2022-10-03,risk-on
2022-10-04,risk-on
2022-10-05,risk-on
2022-10-06,risk-on
2022-10-07,risk-on
2022-10-10,risk-on
2022-10-11,risk-on
2022-10-12,risk-on
2022-10-13,risk-on
2022-10-14,risk-on
2022-10-17,risk-on
2022-10-18,risk-on
2022-10-19,risk-on
2022-10-20,risk-on
2022-10-21,risk-on
2022-10-24,risk-on
2022-10-25,risk-on
2022-10-26,risk-on
2022-10-27,risk-on
2022-10-28,risk-on
2022-10-31,risk-on
2022-11-01,risk-on
2022-11-02,risk-on
2022-11-03,risk-on
2022-11-04,risk-on
2022-11-07,risk-on
2022-11-08,risk-on
2022-11-09,risk-on
2022-11-10,risk-on
2022-11-11,risk-on
2022-11-14,risk-on
2022-11-15,risk-on
2022-11-16,risk-on
2022-11-17,risk-on
2022-11-18,risk-on
2022-11-21,risk-on
2022-11-22,risk-on
2022-11-23,risk-on
2022-11-24,risk-on
2022-11-25,risk-on
2022-11-28,risk-on
2022-11-29,risk-on
2022-11-30,risk-on
2022-12-01,risk-on
2022-12-02,risk-on
2022-12-05,risk-on
2022-12-06,risk-on
2022-12-07,risk-on
2022-12-08,risk-on
2022-12-09,risk-on
2022-12-12,risk-on
2022-12-13,risk-on
2022-12-14,risk-on
2022-12-15,risk-on
2022-12-16,risk-on
2022-12-19,risk-on
2022-12-20,risk-on
2022-12-21,risk-on
2022-12-22,risk-on
2022-12-23,risk-on
2022-12-26,risk-on
2022-12-27,risk-on
2022-12-28,risk-on
2022-12-29,risk-on
2022-12-30,risk-on
2023-01-02,risk-on
2023-01-03,risk-on
2023-01-04,risk-on
2023-01-05,risk-on
2023-01-06,risk-on
2023-01-09,risk-on
2023-01-10,risk-on
2023-01-11,risk-on
2023-01-12,risk-on
2023-01-13,risk-on
2023-01-16,risk-on
2023-01-17,risk-on
2023-01-18,risk-on
2023-01-19,risk-on
2023-01-20,risk-on
2023-01-23,risk-on
2023-01-24,risk-on
2023-01-25,risk-on
2023-01-26,risk-on
2023-01-27,risk-on
2023-01-30,risk-on
2023-01-31,risk-on
2023-02-01,risk-on
2023-02-02,risk-on
2023-02-03,risk-on
2023-02-06,risk-on
2023-02-07,risk-on
2023-02-08,risk-on
2023-02-09,risk-on
2023-02-10,risk-on
2023-02-13,risk-on
2023-02-14,risk-on
2023-02-15,risk-on
2023-02-16,risk-on
2023-02-17,risk-on
2023-02-20,risk-on
2023-02-21,risk-on
2023-02-22,risk-on
2023-02-23,risk-on
2023-02-24,risk-on
2023-02-27,risk-on
2023-02-28,risk-on
2023-03-01,risk-on
2023-03-02,risk-on
2023-03-03,risk-on
2023-03-06,risk-on
2023-03-07,risk-on
2023-03-08,risk-on
2023-03-09,risk-on
2023-03-10,risk-on
2023-03-13,risk-on
2023-03-14,risk-on
2023-03-15,risk-on
2023-03-16,risk-on
2023-03-17,risk-on
2023-03-20,risk-on
2023-03-21,risk-on
2023-03-22,risk-on
2023-03-23,risk-on
2023-03-24,risk-on
2023-03-27,risk-on
2023-03-28,risk-on
2023-03-29,risk-on
2023-03-30,risk-on
2023-03-31,risk-on
2023-04-03,risk-on
2023-04-04,risk-on
2023-04-05,risk-on
2023-04-06,risk-on
2023-04-07,risk-on
2023-04-10,risk-on
2023-04-11,risk-on
2023-04-12,risk-on
2023-04-13,risk-on
2023-04-14,risk-on
2023-04-17,risk-on
2023-04-18,risk-on
2023-04-19,risk-on
2023-04-20,risk-on
2023-04-21,risk-on
2023-04-24,risk-on
2023-04-25,risk-on
2023-04-26,risk-on
2023-04-27,risk-on
2023-04-28,risk-on
2023-05-01,risk-on
2023-05-02,risk-on
2023-05-03,risk-on
2023-05-04,risk-on
2023-05-05,risk-on
2023-05-08,risk-on
2023-05-09,risk-on
2023-05-10,risk-on
2023-05-11,risk-on
2023-05-12,risk-on
2023-05-15,risk-on
2023-05-16,risk-on
2023-05-17,risk-on
2023-05-18,risk-on
2023-05-19,risk-on
2023-05-22,risk-on
2023-05-23,risk-on
2023-05-24,risk-on
2023-05-25,risk-on
2023-05-26,risk-on
2023-05-29,risk-on
2023-05-30,risk-on
2023-05-31,transition
2023-06-01,transition
2023-06-02,transition
2023-06-05,transition
2023-06-06,transition
2023-06-07,transition
2023-06-08,transition
2023-06-09,transition
2023-06-12,transition
2023-06-13,transition
2023-06-14,transition
2023-06-15,transition
2023-06-16,transition
2023-06-19,transition
2023-06-20,transition
2023-06-21,transition
2023-06-22,transition
2023-06-23,transition
2023-06-26,transition
2023-06-27,transition
2023-06-28,transition
2023-06-29,transition
2023-06-30,transition
2023-07-03,transition
2023-07-04,transition
2023-07-05,transition
2023-07-06,transition
2023-07-07,transition
2023-07-10,transition
2023-07-11,transition
2023-07-12,transition
2023-07-13,transition
2023-07-14,transition
2023-07-17,transition
2023-07-18,transition
2023-07-19,transition
2023-07-20,transition
2023-07-21,transition
2023-07-24,transition
2023-07-25,transition
2023-07-26,transition
2023-07-27,transition
2023-07-28,transition
2023-07-31,transition
2023-08-01,transition
2023-08-02,transition
2023-08-03,transition
2023-08-04,transition
2023-08-07,transition
2023-08-08,transition
2023-08-09,transition
2023-08-10,transition
2023-08-11,transition
2023-08-14,transition
2023-08-15,transition
2023-08-16,transition
2023-08-17,transition
2023-08-18,transition
2023-08-21,transition
2023-08-22,transition
2023-08-23,transition
2023-08-24,transition
2023-08-25,transition
2023-08-28,transition
2023-08-29,transition
2023-08-30,transition
2023-08-31,transition
2023-09-01,transition
2023-09-04,transition
2023-09-05,transition
2023-09-06,transition
2023-09-07,transition
2023-09-08,transition
2023-09-11,transition
2023-09-12,transition
2023-09-13,transition
2023-09-14,transition
2023-09-15,transition
2023-09-18,transition
2023-09-19,transition
2023-09-20,stress
2023-09-21,stress
2023-09-22,stress
2023-09-25,transition
2023-09-26,transition
2023-09-27,transition
2023-09-28,transition
2023-09-29,transition
2023-10-02,transition
2023-10-03,transition
2023-10-04,transition
2023-10-05,transition
2023-10-06,transition
2023-10-09,transition
2023-10-10,transition
2023-10-11,transition
2023-10-12,transition
2023-10-13,transition
2023-10-16,transition
2023-10-17,transition
2023-10-18,transition
2023-10-19,transition
2023-10-20,transition
2023-10-23,transition
2023-10-24,transition
2023-10-25,transition
2023-10-26,transition
2023-10-27,transition
2023-10-30,transition
2023-10-31,transition
2023-11-01,transition
2023-11-02,transition
2023-11-03,transition
2023-11-06,transition
2023-11-07,transition
2023-11-08,transition
2023-11-09,transition
2023-11-10,transition
2023-11-13,transition
2023-11-14,transition
2023-11-15,transition
2023-11-16,transition
2023-11-17,transition
2023-11-20,transition
2023-11-21,transition
2023-11-22,transition
2023-11-23,transition
2023-11-24,transition
2023-11-27,transition
2023-11-28,transition
2023-11-29,transition
2023-11-30,transition
2023-12-01,transition
2023-12-04,transition
2023-12-05,transition
2023-12-06,transition
2023-12-07,transition
2023-12-08,transition
2023-12-11,transition
2023-12-12,transition
2023-12-13,transition
2023-12-14,stress
2023-12-15,stress
2023-12-18,stress
2023-12-19,stress
2023-12-20,stress
2023-12-21,stress
2023-12-22,stress
2023-12-25,stress
2023-12-26,stress
2023-12-27,stress
2023-12-28,stress
2023-12-29,stress
2024-01-01,stress
2024-01-02,stress
2024-01-03,transition
2024-01-04,stress
2024-01-05,transition
2024-01-08,transition
2024-01-09,stress
2024-01-10,stress
2024-01-11,stress
2024-01-12,stress
2024-01-15,stress
2024-01-16,stress
2024-01-17,stress
2024-01-18,stress
2024-01-19,stress
2024-01-22,stress
2024-01-23,stress
2024-01-24,stress
2024-01-25,stress
2024-01-26,stress
2024-01-29,stress
2024-01-30,stress
2024-01-31,stress
2024-02-01,stress
2024-02-02,stress
2024-02-05,stress
2024-02-06,stress
2024-02-07,stress
2024-02-08,stress
2024-02-09,stress
2024-02-12,stress
2024-02-13,stress
2024-02-14,stress
2024-02-15,stress
2024-02-16,stress
2024-02-19,stress
2024-02-20,stress
2024-02-21,stress
2024-02-22,stress
2024-02-23,stress
2024-02-26,stress
2024-02-27,stress
2024-02-28,stress
2024-02-29,stress
2024-03-01,stress
2024-03-04,stress
2024-03-05,stress
2024-03-06,stress
2024-03-07,stress
2024-03-08,stress
2024-03-11,stress
2024-03-12,stress
2024-03-13,stress
2024-03-14,stress
2024-03-15,stress
2024-03-18,stress
2024-03-19,stress
2024-03-20,stress
2024-03-21,stress
2024-03-22,stress
2024-03-25,stress
2024-03-26,stress
2024-03-27,stress
2024-03-28,stress
2024-03-29,stress
2024-04-01,stress
2024-04-02,stress
2024-04-03,stress
2024-04-04,stress
2024-04-05,stress
2024-04-08,stress
2024-04-09,stress
2024-04-10,stress
2024-04-11,stress
2024-04-12,stress
2024-04-15,stress
2024-04-16,stress
2024-04-17,stress
2024-04-18,stress
2024-04-19,stress
2024-04-22,stress
2024-04-23,stress
2024-04-24,stress
2024-04-25,stress
2024-04-26,stress
2024-04-29,stress
2024-04-30,stress
2024-05-01,stress
2024-05-02,stress
2024-05-03,stress
2024-05-06,stress
2024-05-07,stress
2024-05-08,stress
2024-05-09,stress
2024-05-10,stress
2024-05-13,stress
2024-05-14,stress
2024-05-15,stress
2024-05-16,stress
2024-05-17,stress
2024-05-20,stress
2024-05-21,stress
2024-05-22,stress
2024-05-23,stress
2024-05-24,stress
2024-05-27,stress
2024-05-28,stress
2024-05-29,stress
2024-05-30,stress
2024-05-31,stress
2024-06-03,stress
2024-06-04,stress
2024-06-05,stress
2024-06-06,stress
2024-06-07,stress
2024-06-10,stress
2024-06-11,stress
2024-06-12,stress
2024-06-13,stress
2024-06-14,stress
2024-06-17,stress
2024-06-18,stress
2024-06-19,stress
2024-06-20,stress
2024-06-21,stress
2024-06-24,stress
2024-06-25,stress
2024-06-26,stress
2024-06-27,stress
2024-06-28,stress
2024-07-01,stress
2024-07-02,stress
2024-07-03,stress
2024-07-04,stress
2024-07-05,stress
2024-07-08,stress
2024-07-09,stress
2024-07-10,stress
2024-07-11,stress
2024-07-12,stress
2024-07-15,stress
2024-07-16,stress
2024-07-17,stress
2024-07-18,stress
2024-07-19,stress
2024-07-22,stress
2024-07-23,stress
2024-07-24,stress
2024-07-25,stress
2024-07-26,stress
2024-07-29,stress
2024-07-30,stress
2024-07-31,stress
2024-08-01,stress
2024-08-02,stress
2024-08-05,stress
2024-08-06,stress
2024-08-07,stress
2024-08-08,stress
2024-08-09,stress
2024-08-12,stress
2024-08-13,stress
2024-08-14,stress
2024-08-15,stress
2024-08-16,stress
2024-08-19,stress
2024-08-20,stress
2024-08-21,stress
2024-08-22,stress
2024-08-23,stress
2024-08-26,stress
2024-08-27,stress
2024-08-28,stress
2024-08-29,stress
2024-08-30,stress
2024-09-02,stress
2024-09-03,stress
2024-09-04,stress
2024-09-05,stress
2024-09-06,stress
2024-09-09,stress
2024-09-10,stress
2024-09-11,stress
2024-09-12,stress
2024-09-13,stress
2024-09-16,stress
2024-09-17,stress
2024-09-18,stress
2024-09-19,stress
2024-09-20,stress
2024-09-23,stress
2024-09-24,stress
2024-09-25,stress
2024-09-26,stress
2024-09-27,stress
2024-09-30,stress
2024-10-01,stress
2024-10-02,stress
2024-10-03,stress
2024-10-04,stress
2024-10-07,stress
2024-10-08,stress
2024-10-09,stress
2024-10-10,stress
2024-10-11,stress
2024-10-14,stress
2024-10-15,stress
2024-10-16,stress
2024-10-17,stress
2024-10-18,stress
2024-10-21,stress
2024-10-22,stress
2024-10-23,stress
2024-10-24,stress
2024-10-25,stress
2024-10-28,stress
2024-10-29,stress
2024-10-30,stress
2024-10-31,stress
2024-11-01,stress
2024-11-04,stress
2024-11-05,stress
2024-11-06,stress
2024-11-07,stress
2024-11-08,stress
2024-11-11,stress
2024-11-12,stress
2024-11-13,stress
2024-11-14,stress
2024-11-15,stress
2024-11-18,stress
2024-11-19,stress
2024-11-20,stress
2024-11-21,stress
2024-11-22,stress
2024-11-25,stress
2024-11-26,stress
2024-11-27,stress
2024-11-28,stress
2024-11-29,stress
2024-12-02,stress
2024-12-03,stress
2024-12-04,stress
2024-12-05,stress
2024-12-06,stress
2024-12-09,stress
2024-12-10,stress
2024-12-11,stress
2024-12-12,stress
2024-12-13,stress
2024-12-16,stress
2024-12-17,stress
2024-12-18,stress
2024-12-19,stress
2024-12-20,stress
2024-12-23,stress
2024-12-24,stress
2024-12-25,stress
2024-12-26,stress
2024-12-27,stress
2024-12-30,stress
2024-12-31,stress
